{
  "auth": {
    "user_pool_id": "us-west-1_JEbZLBhkb",
    "aws_region": "us-west-1",
    "user_pool_client_id": "6dimhcoj1517atf9sptm2pct0k",
    "identity_pool_id": "us-west-1:0ce91a28-a7fa-4dc1-9cd4-9e4ade02801c",
    "mfa_methods": [],
    "standard_required_attributes": [
      "email"
    ],
    "username_attributes": [
      "email"
    ],
    "user_verification_types": [
      "email"
    ],
    "groups": [
      {
        "admin": {
          "precedence": 0
        }
      },
      {
        "lms-admin": {
          "precedence": 1
        }
      },
      {
        "lms-preparer": {
          "precedence": 2
        }
      },
      {
        "taxpayer": {
          "precedence": 3
        }
      }
    ],
    "mfa_configuration": "NONE",
    "password_policy": {
      "min_length": 8,
      "require_lowercase": true,
      "require_numbers": true,
      "require_symbols": true,
      "require_uppercase": true
    },
    "unauthenticated_identities_enabled": true
  },
  "data": {
    "url": "https://cctawfbmnjgdvprsd5ueir77vu.appsync-api.us-west-1.amazonaws.com/graphql",
    "aws_region": "us-west-1",
    "default_authorization_type": "AMAZON_COGNITO_USER_POOLS",
    "authorization_types": [
      "AWS_IAM"
    ],
    "model_introspection": {
      "version": 1,
      "models": {
        "Todo": {
          "name": "Todo",
          "fields": {
            "id": {
              "name": "id",
              "isArray": false,
              "type": "ID",
              "isRequired": true,
              "attributes": []
            },
            "content": {
              "name": "content",
              "isArray": false,
              "type": "String",
              "isRequired": false,
              "attributes": []
            },
            "owner": {
              "name": "owner",
              "isArray": false,
              "type": "String",
              "isRequired": true,
              "attributes": []
            },
            "createdAt": {
              "name": "createdAt",
              "isArray": false,
              "type": "AWSDateTime",
              "isRequired": false,
              "attributes": [],
              "isReadOnly": true
            },
            "updatedAt": {
              "name": "updatedAt",
              "isArray": false,
              "type": "AWSDateTime",
              "isRequired": false,
              "attributes": [],
              "isReadOnly": true
            }
          },
          "syncable": true,
          "pluralName": "Todos",
          "attributes": [
            {
              "type": "model",
              "properties": {}
            },
            {
              "type": "auth",
              "properties": {
                "rules": [
                  {
                    "provider": "userPools",
                    "ownerField": "owner",
                    "allow": "owner",
                    "identityClaim": "cognito:username",
                    "operations": [
                      "create",
                      "update",
                      "delete",
                      "read"
                    ]
                  }
                ]
              }
            }
          ],
          "primaryKeyInfo": {
            "isCustomPrimaryKey": false,
            "primaryKeyFieldName": "id",
            "sortKeyFieldNames": []
          }
        },
        "Waitlist": {
          "name": "Waitlist",
          "fields": {
            "id": {
              "name": "id",
              "isArray": false,
              "type": "ID",
              "isRequired": true,
              "attributes": []
            },
            "name": {
              "name": "name",
              "isArray": false,
              "type": "String",
              "isRequired": true,
              "attributes": []
            },
            "email": {
              "name": "email",
              "isArray": false,
              "type": "AWSEmail",
              "isRequired": true,
              "attributes": []
            },
            "phone": {
              "name": "phone",
              "isArray": false,
              "type": "String",
              "isRequired": false,
              "attributes": []
            },
            "contactMethod": {
              "name": "contactMethod",
              "isArray": false,
              "type": {
                "enum": "WaitlistContactMethod"
              },
              "isRequired": false,
              "attributes": []
            },
            "taxYear": {
              "name": "taxYear",
              "isArray": false,
              "type": "Int",
              "isRequired": false,
              "attributes": []
            },
            "message": {
              "name": "message",
              "isArray": false,
              "type": "String",
              "isRequired": false,
              "attributes": []
            },
            "source": {
              "name": "source",
              "isArray": false,
              "type": "String",
              "isRequired": false,
              "attributes": []
            },
            "owner": {
              "name": "owner",
              "isArray": false,
              "type": "String",
              "isRequired": false,
              "attributes": []
            },
            "createdAt": {
              "name": "createdAt",
              "isArray": false,
              "type": "AWSDateTime",
              "isRequired": false,
              "attributes": []
            },
            "updatedAt": {
              "name": "updatedAt",
              "isArray": false,
              "type": "AWSDateTime",
              "isRequired": false,
              "attributes": [],
              "isReadOnly": true
            }
          },
          "syncable": true,
          "pluralName": "Waitlists",
          "attributes": [
            {
              "type": "model",
              "properties": {}
            },
            {
              "type": "auth",
              "properties": {
                "rules": [
                  {
                    "allow": "public",
                    "provider": "iam",
                    "operations": [
                      "create"
                    ]
                  },
                  {
                    "provider": "userPools",
                    "ownerField": "owner",
                    "allow": "owner",
                    "identityClaim": "cognito:username",
                    "operations": [
                      "create",
                      "update",
                      "delete",
                      "read"
                    ]
                  },
                  {
                    "groupClaim": "cognito:groups",
                    "provider": "userPools",
                    "allow": "groups",
                    "operations": [
                      "read",
                      "update",
                      "delete"
                    ],
                    "groups": [
                      "admin"
                    ]
                  }
                ]
              }
            }
          ],
          "primaryKeyInfo": {
            "isCustomPrimaryKey": false,
            "primaryKeyFieldName": "id",
            "sortKeyFieldNames": []
          }
        },
        "Firm": {
          "name": "Firm",
          "fields": {
            "id": {
              "name": "id",
              "isArray": false,
              "type": "ID",
              "isRequired": true,
              "attributes": []
            },
            "name": {
              "name": "name",
              "isArray": false,
              "type": "String",
              "isRequired": true,
              "attributes": []
            },
            "ownerSub": {
              "name": "ownerSub",
              "isArray": false,
              "type": "String",
              "isRequired": true,
              "attributes": []
            },
            "slug": {
              "name": "slug",
              "isArray": false,
              "type": "String",
              "isRequired": false,
              "attributes": []
            },
            "createdAt": {
              "name": "createdAt",
              "isArray": false,
              "type": "AWSDateTime",
              "isRequired": false,
              "attributes": []
            },
            "updatedAt": {
              "name": "updatedAt",
              "isArray": false,
              "type": "AWSDateTime",
              "isRequired": false,
              "attributes": [],
              "isReadOnly": true
            }
          },
          "syncable": true,
          "pluralName": "Firms",
          "attributes": [
            {
              "type": "model",
              "properties": {}
            },
            {
              "type": "auth",
              "properties": {
                "rules": [
                  {
                    "provider": "userPools",
                    "ownerField": "owner",
                    "allow": "owner",
                    "identityClaim": "cognito:username",
                    "operations": [
                      "create",
                      "update",
                      "delete",
                      "read"
                    ]
                  }
                ]
              }
            }
          ],
          "primaryKeyInfo": {
            "isCustomPrimaryKey": false,
            "primaryKeyFieldName": "id",
            "sortKeyFieldNames": []
          }
        },
        "Course": {
          "name": "Course",
          "fields": {
            "id": {
              "name": "id",
              "isArray": false,
              "type": "ID",
              "isRequired": true,
              "attributes": []
            },
            "firmId": {
              "name": "firmId",
              "isArray": false,
              "type": "String",
              "isRequired": true,
              "attributes": []
            },
            "title": {
              "name": "title",
              "isArray": false,
              "type": "String",
              "isRequired": true,
              "attributes": []
            },
            "description": {
              "name": "description",
              "isArray": false,
              "type": "String",
              "isRequired": false,
              "attributes": []
            },
            "level": {
              "name": "level",
              "isArray": false,
              "type": {
                "enum": "CourseLevel"
              },
              "isRequired": false,
              "attributes": []
            },
            "status": {
              "name": "status",
              "isArray": false,
              "type": {
                "enum": "CourseStatus"
              },
              "isRequired": false,
              "attributes": []
            },
            "estimatedMinutes": {
              "name": "estimatedMinutes",
              "isArray": false,
              "type": "Int",
              "isRequired": false,
              "attributes": []
            },
            "slug": {
              "name": "slug",
              "isArray": false,
              "type": "String",
              "isRequired": false,
              "attributes": []
            },
            "createdAt": {
              "name": "createdAt",
              "isArray": false,
              "type": "AWSDateTime",
              "isRequired": false,
              "attributes": []
            },
            "updatedAt": {
              "name": "updatedAt",
              "isArray": false,
              "type": "AWSDateTime",
              "isRequired": false,
              "attributes": []
            }
          },
          "syncable": true,
          "pluralName": "Courses",
          "attributes": [
            {
              "type": "model",
              "properties": {}
            },
            {
              "type": "auth",
              "properties": {
                "rules": [
                  {
                    "provider": "userPools",
                    "ownerField": "owner",
                    "allow": "owner",
                    "identityClaim": "cognito:username",
                    "operations": [
                      "create",
                      "update",
                      "delete",
                      "read"
                    ]
                  }
                ]
              }
            }
          ],
          "primaryKeyInfo": {
            "isCustomPrimaryKey": false,
            "primaryKeyFieldName": "id",
            "sortKeyFieldNames": []
          }
        },
        "Module": {
          "name": "Module",
          "fields": {
            "id": {
              "name": "id",
              "isArray": false,
              "type": "ID",
              "isRequired": true,
              "attributes": []
            },
            "courseId": {
              "name": "courseId",
              "isArray": false,
              "type": "String",
              "isRequired": true,
              "attributes": []
            },
            "title": {
              "name": "title",
              "isArray": false,
              "type": "String",
              "isRequired": true,
              "attributes": []
            },
            "description": {
              "name": "description",
              "isArray": false,
              "type": "String",
              "isRequired": false,
              "attributes": []
            },
            "sortOrder": {
              "name": "sortOrder",
              "isArray": false,
              "type": "Int",
              "isRequired": false,
              "attributes": []
            },
            "createdAt": {
              "name": "createdAt",
              "isArray": false,
              "type": "AWSDateTime",
              "isRequired": false,
              "attributes": []
            },
            "updatedAt": {
              "name": "updatedAt",
              "isArray": false,
              "type": "AWSDateTime",
              "isRequired": false,
              "attributes": []
            }
          },
          "syncable": true,
          "pluralName": "Modules",
          "attributes": [
            {
              "type": "model",
              "properties": {}
            },
            {
              "type": "auth",
              "properties": {
                "rules": [
                  {
                    "provider": "userPools",
                    "ownerField": "owner",
                    "allow": "owner",
                    "identityClaim": "cognito:username",
                    "operations": [
                      "create",
                      "update",
                      "delete",
                      "read"
                    ]
                  }
                ]
              }
            }
          ],
          "primaryKeyInfo": {
            "isCustomPrimaryKey": false,
            "primaryKeyFieldName": "id",
            "sortKeyFieldNames": []
          }
        },
        "Lesson": {
          "name": "Lesson",
          "fields": {
            "id": {
              "name": "id",
              "isArray": false,
              "type": "ID",
              "isRequired": true,
              "attributes": []
            },
            "moduleId": {
              "name": "moduleId",
              "isArray": false,
              "type": "String",
              "isRequired": true,
              "attributes": []
            },
            "title": {
              "name": "title",
              "isArray": false,
              "type": "String",
              "isRequired": true,
              "attributes": []
            },
            "content": {
              "name": "content",
              "isArray": false,
              "type": "String",
              "isRequired": false,
              "attributes": []
            },
            "videoUrl": {
              "name": "videoUrl",
              "isArray": false,
              "type": "String",
              "isRequired": false,
              "attributes": []
            },
            "sortOrder": {
              "name": "sortOrder",
              "isArray": false,
              "type": "Int",
              "isRequired": false,
              "attributes": []
            },
            "isRequired": {
              "name": "isRequired",
              "isArray": false,
              "type": "Boolean",
              "isRequired": false,
              "attributes": []
            },
            "createdAt": {
              "name": "createdAt",
              "isArray": false,
              "type": "AWSDateTime",
              "isRequired": false,
              "attributes": []
            },
            "updatedAt": {
              "name": "updatedAt",
              "isArray": false,
              "type": "AWSDateTime",
              "isRequired": false,
              "attributes": []
            }
          },
          "syncable": true,
          "pluralName": "Lessons",
          "attributes": [
            {
              "type": "model",
              "properties": {}
            },
            {
              "type": "auth",
              "properties": {
                "rules": [
                  {
                    "provider": "userPools",
                    "ownerField": "owner",
                    "allow": "owner",
                    "identityClaim": "cognito:username",
                    "operations": [
                      "create",
                      "update",
                      "delete",
                      "read"
                    ]
                  }
                ]
              }
            }
          ],
          "primaryKeyInfo": {
            "isCustomPrimaryKey": false,
            "primaryKeyFieldName": "id",
            "sortKeyFieldNames": []
          }
        },
        "Enrollment": {
          "name": "Enrollment",
          "fields": {
            "id": {
              "name": "id",
              "isArray": false,
              "type": "ID",
              "isRequired": true,
              "attributes": []
            },
            "courseId": {
              "name": "courseId",
              "isArray": false,
              "type": "String",
              "isRequired": true,
              "attributes": []
            },
            "userSub": {
              "name": "userSub",
              "isArray": false,
              "type": "String",
              "isRequired": true,
              "attributes": []
            },
            "progressPercent": {
              "name": "progressPercent",
              "isArray": false,
              "type": "Int",
              "isRequired": false,
              "attributes": []
            },
            "lastVisitedLessonId": {
              "name": "lastVisitedLessonId",
              "isArray": false,
              "type": "String",
              "isRequired": false,
              "attributes": []
            },
            "createdAt": {
              "name": "createdAt",
              "isArray": false,
              "type": "AWSDateTime",
              "isRequired": false,
              "attributes": []
            },
            "updatedAt": {
              "name": "updatedAt",
              "isArray": false,
              "type": "AWSDateTime",
              "isRequired": false,
              "attributes": []
            }
          },
          "syncable": true,
          "pluralName": "Enrollments",
          "attributes": [
            {
              "type": "model",
              "properties": {}
            },
            {
              "type": "auth",
              "properties": {
                "rules": [
                  {
                    "provider": "userPools",
                    "ownerField": "owner",
                    "allow": "owner",
                    "identityClaim": "cognito:username",
                    "operations": [
                      "create",
                      "update",
                      "delete",
                      "read"
                    ]
                  }
                ]
              }
            }
          ],
          "primaryKeyInfo": {
            "isCustomPrimaryKey": false,
            "primaryKeyFieldName": "id",
            "sortKeyFieldNames": []
          }
        },
        "LessonProgress": {
          "name": "LessonProgress",
          "fields": {
            "id": {
              "name": "id",
              "isArray": false,
              "type": "ID",
              "isRequired": true,
              "attributes": []
            },
            "lessonId": {
              "name": "lessonId",
              "isArray": false,
              "type": "String",
              "isRequired": true,
              "attributes": []
            },
            "userSub": {
              "name": "userSub",
              "isArray": false,
              "type": "String",
              "isRequired": true,
              "attributes": []
            },
            "completed": {
              "name": "completed",
              "isArray": false,
              "type": "Boolean",
              "isRequired": false,
              "attributes": []
            },
            "completedAt": {
              "name": "completedAt",
              "isArray": false,
              "type": "AWSDateTime",
              "isRequired": false,
              "attributes": []
            },
            "createdAt": {
              "name": "createdAt",
              "isArray": false,
              "type": "AWSDateTime",
              "isRequired": false,
              "attributes": []
            },
            "updatedAt": {
              "name": "updatedAt",
              "isArray": false,
              "type": "AWSDateTime",
              "isRequired": false,
              "attributes": [],
              "isReadOnly": true
            }
          },
          "syncable": true,
          "pluralName": "LessonProgresses",
          "attributes": [
            {
              "type": "model",
              "properties": {}
            },
            {
              "type": "auth",
              "properties": {
                "rules": [
                  {
                    "provider": "userPools",
                    "ownerField": "owner",
                    "allow": "owner",
                    "identityClaim": "cognito:username",
                    "operations": [
                      "create",
                      "update",
                      "delete",
                      "read"
                    ]
                  }
                ]
              }
            }
          ],
          "primaryKeyInfo": {
            "isCustomPrimaryKey": false,
            "primaryKeyFieldName": "id",
            "sortKeyFieldNames": []
          }
        },
        "SopFile": {
          "name": "SopFile",
          "fields": {
            "id": {
              "name": "id",
              "isArray": false,
              "type": "ID",
              "isRequired": true,
              "attributes": []
            },
            "firmId": {
              "name": "firmId",
              "isArray": false,
              "type": "String",
              "isRequired": true,
              "attributes": []
            },
            "title": {
              "name": "title",
              "isArray": false,
              "type": "String",
              "isRequired": true,
              "attributes": []
            },
            "s3Key": {
              "name": "s3Key",
              "isArray": false,
              "type": "String",
              "isRequired": true,
              "attributes": []
            },
            "uploadedBySub": {
              "name": "uploadedBySub",
              "isArray": false,
              "type": "String",
              "isRequired": true,
              "attributes": []
            },
            "createdAt": {
              "name": "createdAt",
              "isArray": false,
              "type": "AWSDateTime",
              "isRequired": false,
              "attributes": []
            },
            "updatedAt": {
              "name": "updatedAt",
              "isArray": false,
              "type": "AWSDateTime",
              "isRequired": false,
              "attributes": [],
              "isReadOnly": true
            }
          },
          "syncable": true,
          "pluralName": "SopFiles",
          "attributes": [
            {
              "type": "model",
              "properties": {}
            },
            {
              "type": "auth",
              "properties": {
                "rules": [
                  {
                    "provider": "userPools",
                    "ownerField": "owner",
                    "allow": "owner",
                    "identityClaim": "cognito:username",
                    "operations": [
                      "create",
                      "update",
                      "delete",
                      "read"
                    ]
                  }
                ]
              }
            }
          ],
          "primaryKeyInfo": {
            "isCustomPrimaryKey": false,
            "primaryKeyFieldName": "id",
            "sortKeyFieldNames": []
          }
        }
      },
      "enums": {
        "WaitlistContactMethod": {
          "name": "WaitlistContactMethod",
          "values": [
            "email",
            "sms",
            "phone"
          ]
        },
        "CourseLevel": {
          "name": "CourseLevel",
          "values": [
            "BEGINNER",
            "INTERMEDIATE",
            "ADVANCED"
          ]
        },
        "CourseStatus": {
          "name": "CourseStatus",
          "values": [
            "DRAFT",
            "PUBLISHED",
            "ARCHIVED"
          ]
        }
      },
      "nonModels": {}
    }
  },
  "storage": {
    "aws_region": "us-west-1",
    "bucket_name": "amplify-swtaxserviceapp-sum-appfilesbucket23865b9a-n2yddqwozhct",
    "buckets": [
      {
        "name": "appFiles",
        "bucket_name": "amplify-swtaxserviceapp-sum-appfilesbucket23865b9a-n2yddqwozhct",
        "aws_region": "us-west-1",
        "paths": {
          "public/*": {
            "guest": [
              "get",
              "list"
            ],
            "authenticated": [
              "get",
              "list",
              "write"
            ]
          },
          "private/${cognito-identity.amazonaws.com:sub}/*": {
            "entityidentity": [
              "get",
              "list",
              "write",
              "delete"
            ]
          }
        }
      }
    ]
  },
  "version": "1.4"
}