{
  "version": "45.0.0",
  "files": {
    "e3827ccf36a52848a73354add209090a5a05c818cd8a0321b5d0f46e3fdfa43a": {
      "displayName": "function/assignRoleOnConfirm-lambda/Code",
      "source": {
        "path": "asset.e3827ccf36a52848a73354add209090a5a05c818cd8a0321b5d0f46e3fdfa43a",
        "packaging": "zip"
      },
      "destinations": {
        "current_account-current_region": {
          "bucketName": "cdk-hnb659fds-assets-${AWS::AccountId}-${AWS::Region}",
          "objectKey": "e3827ccf36a52848a73354add209090a5a05c818cd8a0321b5d0f46e3fdfa43a.zip",
          "assumeRoleArn": "arn:${AWS::Partition}:iam::${AWS::AccountId}:role/cdk-hnb659fds-file-publishing-role-${AWS::AccountId}-${AWS::Region}"
        }
      }
    },
    "23df4a10f7743e90a710888ea87205f23d214aad2b34e617221bec49c1d24ebc": {
      "displayName": "data/amplifyData/AmplifyTableManager/TableManagerCustomProvider/framework-onEvent/Code",
      "source": {
        "path": "asset.23df4a10f7743e90a710888ea87205f23d214aad2b34e617221bec49c1d24ebc",
        "packaging": "zip"
      },
      "destinations": {
        "current_account-current_region": {
          "bucketName": "cdk-hnb659fds-assets-${AWS::AccountId}-${AWS::Region}",
          "objectKey": "23df4a10f7743e90a710888ea87205f23d214aad2b34e617221bec49c1d24ebc.zip",
          "assumeRoleArn": "arn:${AWS::Partition}:iam::${AWS::AccountId}:role/cdk-hnb659fds-file-publishing-role-${AWS::AccountId}-${AWS::Region}"
        }
      }
    },
    "6b25c9b572c67e0f7ad41cb8019a90825f3db4b02a0a15b837c7a82dcb302060": {
      "displayName": "data/amplifyData/Todo/QuerygetTodoauth0Function/Templateresolvers--Query.getTodo.auth.1.req.vtl",
      "source": {
        "path": "asset.6b25c9b572c67e0f7ad41cb8019a90825f3db4b02a0a15b837c7a82dcb302060.vtl",
        "packaging": "file"
      },
      "destinations": {
        "current_account-current_region": {
          "bucketName": "cdk-hnb659fds-assets-${AWS::AccountId}-${AWS::Region}",
          "objectKey": "6b25c9b572c67e0f7ad41cb8019a90825f3db4b02a0a15b837c7a82dcb302060.vtl",
          "assumeRoleArn": "arn:${AWS::Partition}:iam::${AWS::AccountId}:role/cdk-hnb659fds-file-publishing-role-${AWS::AccountId}-${AWS::Region}"
        }
      }
    },
    "c1721bcd774e27c514d3454b5be4f9bdd094c0161b57ddf053d618e3b0086a77": {
      "displayName": "data/amplifyData/Todo/QuerygetTodopostAuth0Function/Templateresolvers--Query.getTodo.postAuth.1.req.vtl",
      "source": {
        "path": "asset.c1721bcd774e27c514d3454b5be4f9bdd094c0161b57ddf053d618e3b0086a77.vtl",
        "packaging": "file"
      },
      "destinations": {
        "current_account-current_region": {
          "bucketName": "cdk-hnb659fds-assets-${AWS::AccountId}-${AWS::Region}",
          "objectKey": "c1721bcd774e27c514d3454b5be4f9bdd094c0161b57ddf053d618e3b0086a77.vtl",
          "assumeRoleArn": "arn:${AWS::Partition}:iam::${AWS::AccountId}:role/cdk-hnb659fds-file-publishing-role-${AWS::AccountId}-${AWS::Region}"
        }
      }
    },
    "08f4d557693d96c1a4efba0f9dc91330e4b19772fd5477c156468843e3d9cb5e": {
      "displayName": "data/amplifyData/Todo/QueryGetTodoDataResolverFn/Templateresolvers--Query.getTodo.req.vtl",
      "source": {
        "path": "asset.08f4d557693d96c1a4efba0f9dc91330e4b19772fd5477c156468843e3d9cb5e.vtl",
        "packaging": "file"
      },
      "destinations": {
        "current_account-current_region": {
          "bucketName": "cdk-hnb659fds-assets-${AWS::AccountId}-${AWS::Region}",
          "objectKey": "08f4d557693d96c1a4efba0f9dc91330e4b19772fd5477c156468843e3d9cb5e.vtl",
          "assumeRoleArn": "arn:${AWS::Partition}:iam::${AWS::AccountId}:role/cdk-hnb659fds-file-publishing-role-${AWS::AccountId}-${AWS::Region}"
        }
      }
    },
    "4c6a2d29f01c6091bd1d9afe16e5849d456c96f17c3b215938c8067399532719": {
      "displayName": "data/amplifyData/Todo/QueryGetTodoDataResolverFn/Templateresolvers--Query.getTodo.res.vtl",
      "source": {
        "path": "asset.4c6a2d29f01c6091bd1d9afe16e5849d456c96f17c3b215938c8067399532719.vtl",
        "packaging": "file"
      },
      "destinations": {
        "current_account-current_region": {
          "bucketName": "cdk-hnb659fds-assets-${AWS::AccountId}-${AWS::Region}",
          "objectKey": "4c6a2d29f01c6091bd1d9afe16e5849d456c96f17c3b215938c8067399532719.vtl",
          "assumeRoleArn": "arn:${AWS::Partition}:iam::${AWS::AccountId}:role/cdk-hnb659fds-file-publishing-role-${AWS::AccountId}-${AWS::Region}"
        }
      }
    },
    "9fcbe070ecd3023c5bf5b966fa9584757db9762eef123bad0820bd87591b2174": {
      "displayName": "data/amplifyData/Todo/QueryListTodosDataResolverFn/Templateresolvers--Query.listTodos.req.vtl",
      "source": {
        "path": "asset.9fcbe070ecd3023c5bf5b966fa9584757db9762eef123bad0820bd87591b2174.vtl",
        "packaging": "file"
      },
      "destinations": {
        "current_account-current_region": {
          "bucketName": "cdk-hnb659fds-assets-${AWS::AccountId}-${AWS::Region}",
          "objectKey": "9fcbe070ecd3023c5bf5b966fa9584757db9762eef123bad0820bd87591b2174.vtl",
          "assumeRoleArn": "arn:${AWS::Partition}:iam::${AWS::AccountId}:role/cdk-hnb659fds-file-publishing-role-${AWS::AccountId}-${AWS::Region}"
        }
      }
    },
    "cc01911d0269d4080ea57505dc445dfc315ef7ad85d3d9d4ea1357858bff451d": {
      "displayName": "data/amplifyData/Todo/QueryListTodosDataResolverFn/Templateresolvers--Query.listTodos.res.vtl",
      "source": {
        "path": "asset.cc01911d0269d4080ea57505dc445dfc315ef7ad85d3d9d4ea1357858bff451d.vtl",
        "packaging": "file"
      },
      "destinations": {
        "current_account-current_region": {
          "bucketName": "cdk-hnb659fds-assets-${AWS::AccountId}-${AWS::Region}",
          "objectKey": "cc01911d0269d4080ea57505dc445dfc315ef7ad85d3d9d4ea1357858bff451d.vtl",
          "assumeRoleArn": "arn:${AWS::Partition}:iam::${AWS::AccountId}:role/cdk-hnb659fds-file-publishing-role-${AWS::AccountId}-${AWS::Region}"
        }
      }
    },
    "a183ddccbd956316c38ef97177b8f088ef0826f62023323f5ae6053d348ccffc": {
      "displayName": "data/amplifyData/Todo/MutationcreateTodoinit0Function/Templateresolvers--Mutation.createTodo.init.1.req.vtl",
      "source": {
        "path": "asset.a183ddccbd956316c38ef97177b8f088ef0826f62023323f5ae6053d348ccffc.vtl",
        "packaging": "file"
      },
      "destinations": {
        "current_account-current_region": {
          "bucketName": "cdk-hnb659fds-assets-${AWS::AccountId}-${AWS::Region}",
          "objectKey": "a183ddccbd956316c38ef97177b8f088ef0826f62023323f5ae6053d348ccffc.vtl",
          "assumeRoleArn": "arn:${AWS::Partition}:iam::${AWS::AccountId}:role/cdk-hnb659fds-file-publishing-role-${AWS::AccountId}-${AWS::Region}"
        }
      }
    },
    "4f7b9525f3ddc0c0514ea4bd9f77870d0d33fabbeb517df2d0694ce4e9ca243b": {
      "displayName": "data/amplifyData/Todo/MutationcreateTodoauth0Function/Templateresolvers--Mutation.createTodo.auth.1.req.vtl",
      "source": {
        "path": "asset.4f7b9525f3ddc0c0514ea4bd9f77870d0d33fabbeb517df2d0694ce4e9ca243b.vtl",
        "packaging": "file"
      },
      "destinations": {
        "current_account-current_region": {
          "bucketName": "cdk-hnb659fds-assets-${AWS::AccountId}-${AWS::Region}",
          "objectKey": "4f7b9525f3ddc0c0514ea4bd9f77870d0d33fabbeb517df2d0694ce4e9ca243b.vtl",
          "assumeRoleArn": "arn:${AWS::Partition}:iam::${AWS::AccountId}:role/cdk-hnb659fds-file-publishing-role-${AWS::AccountId}-${AWS::Region}"
        }
      }
    },
    "2bf64327ca5682da4be84d0d16440204e25abc3a221195b41f2d21dfa432e5ab": {
      "displayName": "data/amplifyData/Todo/MutationCreateTodoDataResolverFn/Templateresolvers--Mutation.createTodo.req.vtl",
      "source": {
        "path": "asset.2bf64327ca5682da4be84d0d16440204e25abc3a221195b41f2d21dfa432e5ab.vtl",
        "packaging": "file"
      },
      "destinations": {
        "current_account-current_region": {
          "bucketName": "cdk-hnb659fds-assets-${AWS::AccountId}-${AWS::Region}",
          "objectKey": "2bf64327ca5682da4be84d0d16440204e25abc3a221195b41f2d21dfa432e5ab.vtl",
          "assumeRoleArn": "arn:${AWS::Partition}:iam::${AWS::AccountId}:role/cdk-hnb659fds-file-publishing-role-${AWS::AccountId}-${AWS::Region}"
        }
      }
    },
    "f4a52b72209a9dfa197b5e7367a5c378c5bb86de6e29ddd9e48b49a3fe54b249": {
      "displayName": "data/amplifyData/Todo/MutationCreateTodoDataResolverFn/Templateresolvers--Mutation.createTodo.res.vtl",
      "source": {
        "path": "asset.f4a52b72209a9dfa197b5e7367a5c378c5bb86de6e29ddd9e48b49a3fe54b249.vtl",
        "packaging": "file"
      },
      "destinations": {
        "current_account-current_region": {
          "bucketName": "cdk-hnb659fds-assets-${AWS::AccountId}-${AWS::Region}",
          "objectKey": "f4a52b72209a9dfa197b5e7367a5c378c5bb86de6e29ddd9e48b49a3fe54b249.vtl",
          "assumeRoleArn": "arn:${AWS::Partition}:iam::${AWS::AccountId}:role/cdk-hnb659fds-file-publishing-role-${AWS::AccountId}-${AWS::Region}"
        }
      }
    },
    "06db846fd14e6fc371f22b12b5545ba8e2dbfeda85d8c8d586c71c282166657b": {
      "displayName": "data/amplifyData/Todo/MutationupdateTodoinit0Function/Templateresolvers--Mutation.updateTodo.init.1.req.vtl",
      "source": {
        "path": "asset.06db846fd14e6fc371f22b12b5545ba8e2dbfeda85d8c8d586c71c282166657b.vtl",
        "packaging": "file"
      },
      "destinations": {
        "current_account-current_region": {
          "bucketName": "cdk-hnb659fds-assets-${AWS::AccountId}-${AWS::Region}",
          "objectKey": "06db846fd14e6fc371f22b12b5545ba8e2dbfeda85d8c8d586c71c282166657b.vtl",
          "assumeRoleArn": "arn:${AWS::Partition}:iam::${AWS::AccountId}:role/cdk-hnb659fds-file-publishing-role-${AWS::AccountId}-${AWS::Region}"
        }
      }
    },
    "1f5fed297da9c32ae3af922bf3a38ccf23b956078887d16891ec06c20c64722c": {
      "displayName": "data/amplifyData/Todo/MutationupdateTodoauth0Function/Templateresolvers--Mutation.updateTodo.auth.1.req.vtl",
      "source": {
        "path": "asset.1f5fed297da9c32ae3af922bf3a38ccf23b956078887d16891ec06c20c64722c.vtl",
        "packaging": "file"
      },
      "destinations": {
        "current_account-current_region": {
          "bucketName": "cdk-hnb659fds-assets-${AWS::AccountId}-${AWS::Region}",
          "objectKey": "1f5fed297da9c32ae3af922bf3a38ccf23b956078887d16891ec06c20c64722c.vtl",
          "assumeRoleArn": "arn:${AWS::Partition}:iam::${AWS::AccountId}:role/cdk-hnb659fds-file-publishing-role-${AWS::AccountId}-${AWS::Region}"
        }
      }
    },
    "c8c4d3a5c402bdce1cef269c2bcac96edb209f674da51ee4f67a4a9301b57e82": {
      "displayName": "data/amplifyData/Todo/MutationupdateTodoauth0Function/Templateresolvers--Mutation.updateTodo.auth.1.res.vtl",
      "source": {
        "path": "asset.c8c4d3a5c402bdce1cef269c2bcac96edb209f674da51ee4f67a4a9301b57e82.vtl",
        "packaging": "file"
      },
      "destinations": {
        "current_account-current_region": {
          "bucketName": "cdk-hnb659fds-assets-${AWS::AccountId}-${AWS::Region}",
          "objectKey": "c8c4d3a5c402bdce1cef269c2bcac96edb209f674da51ee4f67a4a9301b57e82.vtl",
          "assumeRoleArn": "arn:${AWS::Partition}:iam::${AWS::AccountId}:role/cdk-hnb659fds-file-publishing-role-${AWS::AccountId}-${AWS::Region}"
        }
      }
    },
    "474bf0776ec2164a13191d1a0a9e057154931e4918fea5086f49850d02a5371b": {
      "displayName": "data/amplifyData/Todo/MutationUpdateTodoDataResolverFn/Templateresolvers--Mutation.updateTodo.req.vtl",
      "source": {
        "path": "asset.474bf0776ec2164a13191d1a0a9e057154931e4918fea5086f49850d02a5371b.vtl",
        "packaging": "file"
      },
      "destinations": {
        "current_account-current_region": {
          "bucketName": "cdk-hnb659fds-assets-${AWS::AccountId}-${AWS::Region}",
          "objectKey": "474bf0776ec2164a13191d1a0a9e057154931e4918fea5086f49850d02a5371b.vtl",
          "assumeRoleArn": "arn:${AWS::Partition}:iam::${AWS::AccountId}:role/cdk-hnb659fds-file-publishing-role-${AWS::AccountId}-${AWS::Region}"
        }
      }
    },
    "867fb7d7eb8e4127b6d0136b82c5c3f74a52eb410297086859986f8e7e4b02aa": {
      "displayName": "data/amplifyData/Todo/MutationdeleteTodoauth0Function/Templateresolvers--Mutation.deleteTodo.auth.1.res.vtl",
      "source": {
        "path": "asset.867fb7d7eb8e4127b6d0136b82c5c3f74a52eb410297086859986f8e7e4b02aa.vtl",
        "packaging": "file"
      },
      "destinations": {
        "current_account-current_region": {
          "bucketName": "cdk-hnb659fds-assets-${AWS::AccountId}-${AWS::Region}",
          "objectKey": "867fb7d7eb8e4127b6d0136b82c5c3f74a52eb410297086859986f8e7e4b02aa.vtl",
          "assumeRoleArn": "arn:${AWS::Partition}:iam::${AWS::AccountId}:role/cdk-hnb659fds-file-publishing-role-${AWS::AccountId}-${AWS::Region}"
        }
      }
    },
    "4f7907d1209a2c9953a0c053df402c634e359546d70c7cc5c2e8e21ea734880f": {
      "displayName": "data/amplifyData/Todo/MutationDeleteTodoDataResolverFn/Templateresolvers--Mutation.deleteTodo.req.vtl",
      "source": {
        "path": "asset.4f7907d1209a2c9953a0c053df402c634e359546d70c7cc5c2e8e21ea734880f.vtl",
        "packaging": "file"
      },
      "destinations": {
        "current_account-current_region": {
          "bucketName": "cdk-hnb659fds-assets-${AWS::AccountId}-${AWS::Region}",
          "objectKey": "4f7907d1209a2c9953a0c053df402c634e359546d70c7cc5c2e8e21ea734880f.vtl",
          "assumeRoleArn": "arn:${AWS::Partition}:iam::${AWS::AccountId}:role/cdk-hnb659fds-file-publishing-role-${AWS::AccountId}-${AWS::Region}"
        }
      }
    },
    "3b6d810ef43cdbd93ef462c40b0df0328b89e04f1473a4f82f1178da1f1d5aa0": {
      "displayName": "data/amplifyData/Todo/SubscriptiononCreateTodoauth0Function/Templateresolvers--Subscription.onCreateTodo.auth.1.req.vtl",
      "source": {
        "path": "asset.3b6d810ef43cdbd93ef462c40b0df0328b89e04f1473a4f82f1178da1f1d5aa0.vtl",
        "packaging": "file"
      },
      "destinations": {
        "current_account-current_region": {
          "bucketName": "cdk-hnb659fds-assets-${AWS::AccountId}-${AWS::Region}",
          "objectKey": "3b6d810ef43cdbd93ef462c40b0df0328b89e04f1473a4f82f1178da1f1d5aa0.vtl",
          "assumeRoleArn": "arn:${AWS::Partition}:iam::${AWS::AccountId}:role/cdk-hnb659fds-file-publishing-role-${AWS::AccountId}-${AWS::Region}"
        }
      }
    },
    "fe3c43ada4b9d681a5e2312663ef7a73386424d73b73e51f8e2e9d4b50f7c502": {
      "displayName": "data/amplifyData/Todo/SubscriptionOnCreateTodoDataResolverFn/Templateresolvers--Subscription.onCreateTodo.req.vtl",
      "source": {
        "path": "asset.fe3c43ada4b9d681a5e2312663ef7a73386424d73b73e51f8e2e9d4b50f7c502.vtl",
        "packaging": "file"
      },
      "destinations": {
        "current_account-current_region": {
          "bucketName": "cdk-hnb659fds-assets-${AWS::AccountId}-${AWS::Region}",
          "objectKey": "fe3c43ada4b9d681a5e2312663ef7a73386424d73b73e51f8e2e9d4b50f7c502.vtl",
          "assumeRoleArn": "arn:${AWS::Partition}:iam::${AWS::AccountId}:role/cdk-hnb659fds-file-publishing-role-${AWS::AccountId}-${AWS::Region}"
        }
      }
    },
    "e0cff47fb007f0bbf2a4e43ca256d6aa7ec109821769fd79fa7c5e83f0e7f9fc": {
      "displayName": "data/amplifyData/Todo/SubscriptionOnCreateTodoDataResolverFn/Templateresolvers--Subscription.onCreateTodo.res.vtl",
      "source": {
        "path": "asset.e0cff47fb007f0bbf2a4e43ca256d6aa7ec109821769fd79fa7c5e83f0e7f9fc.vtl",
        "packaging": "file"
      },
      "destinations": {
        "current_account-current_region": {
          "bucketName": "cdk-hnb659fds-assets-${AWS::AccountId}-${AWS::Region}",
          "objectKey": "e0cff47fb007f0bbf2a4e43ca256d6aa7ec109821769fd79fa7c5e83f0e7f9fc.vtl",
          "assumeRoleArn": "arn:${AWS::Partition}:iam::${AWS::AccountId}:role/cdk-hnb659fds-file-publishing-role-${AWS::AccountId}-${AWS::Region}"
        }
      }
    },
    "0c8e8288022699d90ac102943731a181ae131484d1dc2b902802d584471fea2c": {
      "displayName": "data/amplifyData/Waitlist/QuerygetWaitlistauth0Function/Templateresolvers--Query.getWaitlist.auth.1.req.vtl",
      "source": {
        "path": "asset.0c8e8288022699d90ac102943731a181ae131484d1dc2b902802d584471fea2c.vtl",
        "packaging": "file"
      },
      "destinations": {
        "current_account-current_region": {
          "bucketName": "cdk-hnb659fds-assets-${AWS::AccountId}-${AWS::Region}",
          "objectKey": "0c8e8288022699d90ac102943731a181ae131484d1dc2b902802d584471fea2c.vtl",
          "assumeRoleArn": "arn:${AWS::Partition}:iam::${AWS::AccountId}:role/cdk-hnb659fds-file-publishing-role-${AWS::AccountId}-${AWS::Region}"
        }
      }
    },
    "781d60ca8e1a13a20ab4b2b28183cb6b4764cc2f26fa710c83eb4c9dd0b3cdbd": {
      "displayName": "data/amplifyData/Waitlist/MutationcreateWaitlistauth0Function/Templateresolvers--Mutation.createWaitlist.auth.1.req.vtl",
      "source": {
        "path": "asset.781d60ca8e1a13a20ab4b2b28183cb6b4764cc2f26fa710c83eb4c9dd0b3cdbd.vtl",
        "packaging": "file"
      },
      "destinations": {
        "current_account-current_region": {
          "bucketName": "cdk-hnb659fds-assets-${AWS::AccountId}-${AWS::Region}",
          "objectKey": "781d60ca8e1a13a20ab4b2b28183cb6b4764cc2f26fa710c83eb4c9dd0b3cdbd.vtl",
          "assumeRoleArn": "arn:${AWS::Partition}:iam::${AWS::AccountId}:role/cdk-hnb659fds-file-publishing-role-${AWS::AccountId}-${AWS::Region}"
        }
      }
    },
    "022217bf0bcfe574b3d99f5792c919cf80ea105adeed2ad028dd7b1dfae35ffc": {
      "displayName": "data/amplifyData/Waitlist/MutationCreateWaitlistDataResolverFn/Templateresolvers--Mutation.createWaitlist.req.vtl",
      "source": {
        "path": "asset.022217bf0bcfe574b3d99f5792c919cf80ea105adeed2ad028dd7b1dfae35ffc.vtl",
        "packaging": "file"
      },
      "destinations": {
        "current_account-current_region": {
          "bucketName": "cdk-hnb659fds-assets-${AWS::AccountId}-${AWS::Region}",
          "objectKey": "022217bf0bcfe574b3d99f5792c919cf80ea105adeed2ad028dd7b1dfae35ffc.vtl",
          "assumeRoleArn": "arn:${AWS::Partition}:iam::${AWS::AccountId}:role/cdk-hnb659fds-file-publishing-role-${AWS::AccountId}-${AWS::Region}"
        }
      }
    },
    "1555937b9c87050daa921b1d1e200fb40bbf5ef67971b729401e2b1ed4426ee8": {
      "displayName": "data/amplifyData/Waitlist/MutationupdateWaitlistauth0Function/Templateresolvers--Mutation.updateWaitlist.auth.1.res.vtl",
      "source": {
        "path": "asset.1555937b9c87050daa921b1d1e200fb40bbf5ef67971b729401e2b1ed4426ee8.vtl",
        "packaging": "file"
      },
      "destinations": {
        "current_account-current_region": {
          "bucketName": "cdk-hnb659fds-assets-${AWS::AccountId}-${AWS::Region}",
          "objectKey": "1555937b9c87050daa921b1d1e200fb40bbf5ef67971b729401e2b1ed4426ee8.vtl",
          "assumeRoleArn": "arn:${AWS::Partition}:iam::${AWS::AccountId}:role/cdk-hnb659fds-file-publishing-role-${AWS::AccountId}-${AWS::Region}"
        }
      }
    },
    "2d02fd8e7e9c8293d7e3310311fb50073cf979c63c4bebc5d16f04f8d0689c8a": {
      "displayName": "data/amplifyData/Waitlist/SubscriptiononCreateWaitlistauth0Function/Templateresolvers--Subscription.onCreateWaitlist.auth.1.req.vtl",
      "source": {
        "path": "asset.2d02fd8e7e9c8293d7e3310311fb50073cf979c63c4bebc5d16f04f8d0689c8a.vtl",
        "packaging": "file"
      },
      "destinations": {
        "current_account-current_region": {
          "bucketName": "cdk-hnb659fds-assets-${AWS::AccountId}-${AWS::Region}",
          "objectKey": "2d02fd8e7e9c8293d7e3310311fb50073cf979c63c4bebc5d16f04f8d0689c8a.vtl",
          "assumeRoleArn": "arn:${AWS::Partition}:iam::${AWS::AccountId}:role/cdk-hnb659fds-file-publishing-role-${AWS::AccountId}-${AWS::Region}"
        }
      }
    },
    "1e945314cf6670b8ed6805fec00a393118df6dec45ed85373587966b98302cb4": {
      "displayName": "data/amplifyData/Firm/MutationcreateFirmauth0Function/Templateresolvers--Mutation.createFirm.auth.1.req.vtl",
      "source": {
        "path": "asset.1e945314cf6670b8ed6805fec00a393118df6dec45ed85373587966b98302cb4.vtl",
        "packaging": "file"
      },
      "destinations": {
        "current_account-current_region": {
          "bucketName": "cdk-hnb659fds-assets-${AWS::AccountId}-${AWS::Region}",
          "objectKey": "1e945314cf6670b8ed6805fec00a393118df6dec45ed85373587966b98302cb4.vtl",
          "assumeRoleArn": "arn:${AWS::Partition}:iam::${AWS::AccountId}:role/cdk-hnb659fds-file-publishing-role-${AWS::AccountId}-${AWS::Region}"
        }
      }
    },
    "1b971e0502676e42f2dff7d0902d6d5974463a7062ccf1b804ddaf94fe2b6e86": {
      "displayName": "data/amplifyData/Firm/MutationCreateFirmDataResolverFn/Templateresolvers--Mutation.createFirm.req.vtl",
      "source": {
        "path": "asset.1b971e0502676e42f2dff7d0902d6d5974463a7062ccf1b804ddaf94fe2b6e86.vtl",
        "packaging": "file"
      },
      "destinations": {
        "current_account-current_region": {
          "bucketName": "cdk-hnb659fds-assets-${AWS::AccountId}-${AWS::Region}",
          "objectKey": "1b971e0502676e42f2dff7d0902d6d5974463a7062ccf1b804ddaf94fe2b6e86.vtl",
          "assumeRoleArn": "arn:${AWS::Partition}:iam::${AWS::AccountId}:role/cdk-hnb659fds-file-publishing-role-${AWS::AccountId}-${AWS::Region}"
        }
      }
    },
    "23bd94c1eaae59d008d10e8b9756a9f28a13c5f9ae24f68651d410e1a0b473f0": {
      "displayName": "data/amplifyData/Firm/MutationupdateFirmauth0Function/Templateresolvers--Mutation.updateFirm.auth.1.res.vtl",
      "source": {
        "path": "asset.23bd94c1eaae59d008d10e8b9756a9f28a13c5f9ae24f68651d410e1a0b473f0.vtl",
        "packaging": "file"
      },
      "destinations": {
        "current_account-current_region": {
          "bucketName": "cdk-hnb659fds-assets-${AWS::AccountId}-${AWS::Region}",
          "objectKey": "23bd94c1eaae59d008d10e8b9756a9f28a13c5f9ae24f68651d410e1a0b473f0.vtl",
          "assumeRoleArn": "arn:${AWS::Partition}:iam::${AWS::AccountId}:role/cdk-hnb659fds-file-publishing-role-${AWS::AccountId}-${AWS::Region}"
        }
      }
    },
    "200282a11025fa64e715b6688dc613631dec392ce9a27756127197130eb0701f": {
      "displayName": "data/amplifyData/Course/MutationcreateCourseauth0Function/Templateresolvers--Mutation.createCourse.auth.1.req.vtl",
      "source": {
        "path": "asset.200282a11025fa64e715b6688dc613631dec392ce9a27756127197130eb0701f.vtl",
        "packaging": "file"
      },
      "destinations": {
        "current_account-current_region": {
          "bucketName": "cdk-hnb659fds-assets-${AWS::AccountId}-${AWS::Region}",
          "objectKey": "200282a11025fa64e715b6688dc613631dec392ce9a27756127197130eb0701f.vtl",
          "assumeRoleArn": "arn:${AWS::Partition}:iam::${AWS::AccountId}:role/cdk-hnb659fds-file-publishing-role-${AWS::AccountId}-${AWS::Region}"
        }
      }
    },
    "b533978ae18ea2c219098bd80df94ab9c0a22f3e2e6fc28be183a56808a92cd8": {
      "displayName": "data/amplifyData/Course/MutationCreateCourseDataResolverFn/Templateresolvers--Mutation.createCourse.req.vtl",
      "source": {
        "path": "asset.b533978ae18ea2c219098bd80df94ab9c0a22f3e2e6fc28be183a56808a92cd8.vtl",
        "packaging": "file"
      },
      "destinations": {
        "current_account-current_region": {
          "bucketName": "cdk-hnb659fds-assets-${AWS::AccountId}-${AWS::Region}",
          "objectKey": "b533978ae18ea2c219098bd80df94ab9c0a22f3e2e6fc28be183a56808a92cd8.vtl",
          "assumeRoleArn": "arn:${AWS::Partition}:iam::${AWS::AccountId}:role/cdk-hnb659fds-file-publishing-role-${AWS::AccountId}-${AWS::Region}"
        }
      }
    },
    "2303520c47ff4eb265cfea815d5f1f6146c5282d47900dc5a61378d2d421ce34": {
      "displayName": "data/amplifyData/Course/MutationupdateCourseauth0Function/Templateresolvers--Mutation.updateCourse.auth.1.res.vtl",
      "source": {
        "path": "asset.2303520c47ff4eb265cfea815d5f1f6146c5282d47900dc5a61378d2d421ce34.vtl",
        "packaging": "file"
      },
      "destinations": {
        "current_account-current_region": {
          "bucketName": "cdk-hnb659fds-assets-${AWS::AccountId}-${AWS::Region}",
          "objectKey": "2303520c47ff4eb265cfea815d5f1f6146c5282d47900dc5a61378d2d421ce34.vtl",
          "assumeRoleArn": "arn:${AWS::Partition}:iam::${AWS::AccountId}:role/cdk-hnb659fds-file-publishing-role-${AWS::AccountId}-${AWS::Region}"
        }
      }
    },
    "7807b7c12b6b813a84c31e6b9ac61c349164606ba2141806d01c8ca88163364c": {
      "displayName": "data/amplifyData/Module/MutationcreateModuleinit1Function/Templateresolvers--Mutation.createModule.init.2.req.vtl",
      "source": {
        "path": "asset.7807b7c12b6b813a84c31e6b9ac61c349164606ba2141806d01c8ca88163364c.vtl",
        "packaging": "file"
      },
      "destinations": {
        "current_account-current_region": {
          "bucketName": "cdk-hnb659fds-assets-${AWS::AccountId}-${AWS::Region}",
          "objectKey": "7807b7c12b6b813a84c31e6b9ac61c349164606ba2141806d01c8ca88163364c.vtl",
          "assumeRoleArn": "arn:${AWS::Partition}:iam::${AWS::AccountId}:role/cdk-hnb659fds-file-publishing-role-${AWS::AccountId}-${AWS::Region}"
        }
      }
    },
    "b80bbefd54eb965c3f7aeacaf8ae8294fb4b9bd26ec48760d2798b23c853fda6": {
      "displayName": "data/amplifyData/Module/MutationcreateModuleauth0Function/Templateresolvers--Mutation.createModule.auth.1.req.vtl",
      "source": {
        "path": "asset.b80bbefd54eb965c3f7aeacaf8ae8294fb4b9bd26ec48760d2798b23c853fda6.vtl",
        "packaging": "file"
      },
      "destinations": {
        "current_account-current_region": {
          "bucketName": "cdk-hnb659fds-assets-${AWS::AccountId}-${AWS::Region}",
          "objectKey": "b80bbefd54eb965c3f7aeacaf8ae8294fb4b9bd26ec48760d2798b23c853fda6.vtl",
          "assumeRoleArn": "arn:${AWS::Partition}:iam::${AWS::AccountId}:role/cdk-hnb659fds-file-publishing-role-${AWS::AccountId}-${AWS::Region}"
        }
      }
    },
    "557c1deaaead935997e1d28be99e53ff8c6ebf103b66a0ba4556021b724a3569": {
      "displayName": "data/amplifyData/Module/MutationCreateModuleDataResolverFn/Templateresolvers--Mutation.createModule.req.vtl",
      "source": {
        "path": "asset.557c1deaaead935997e1d28be99e53ff8c6ebf103b66a0ba4556021b724a3569.vtl",
        "packaging": "file"
      },
      "destinations": {
        "current_account-current_region": {
          "bucketName": "cdk-hnb659fds-assets-${AWS::AccountId}-${AWS::Region}",
          "objectKey": "557c1deaaead935997e1d28be99e53ff8c6ebf103b66a0ba4556021b724a3569.vtl",
          "assumeRoleArn": "arn:${AWS::Partition}:iam::${AWS::AccountId}:role/cdk-hnb659fds-file-publishing-role-${AWS::AccountId}-${AWS::Region}"
        }
      }
    },
    "26c55f9ffb1e9acdaeeb4501446469d1fe5eff7280016453b0448dad9d9ce0e3": {
      "displayName": "data/amplifyData/Module/MutationupdateModuleauth0Function/Templateresolvers--Mutation.updateModule.auth.1.res.vtl",
      "source": {
        "path": "asset.26c55f9ffb1e9acdaeeb4501446469d1fe5eff7280016453b0448dad9d9ce0e3.vtl",
        "packaging": "file"
      },
      "destinations": {
        "current_account-current_region": {
          "bucketName": "cdk-hnb659fds-assets-${AWS::AccountId}-${AWS::Region}",
          "objectKey": "26c55f9ffb1e9acdaeeb4501446469d1fe5eff7280016453b0448dad9d9ce0e3.vtl",
          "assumeRoleArn": "arn:${AWS::Partition}:iam::${AWS::AccountId}:role/cdk-hnb659fds-file-publishing-role-${AWS::AccountId}-${AWS::Region}"
        }
      }
    },
    "130f5408f1d54d44133a1ed48e1f1d3da369bdec5370a0a002333e5932e5254b": {
      "displayName": "data/amplifyData/Lesson/MutationcreateLessoninit1Function/Templateresolvers--Mutation.createLesson.init.2.req.vtl",
      "source": {
        "path": "asset.130f5408f1d54d44133a1ed48e1f1d3da369bdec5370a0a002333e5932e5254b.vtl",
        "packaging": "file"
      },
      "destinations": {
        "current_account-current_region": {
          "bucketName": "cdk-hnb659fds-assets-${AWS::AccountId}-${AWS::Region}",
          "objectKey": "130f5408f1d54d44133a1ed48e1f1d3da369bdec5370a0a002333e5932e5254b.vtl",
          "assumeRoleArn": "arn:${AWS::Partition}:iam::${AWS::AccountId}:role/cdk-hnb659fds-file-publishing-role-${AWS::AccountId}-${AWS::Region}"
        }
      }
    },
    "bb92395d1f650f06ba1ebd5faa3939b5e7be7e9c1f33907332ec9c9d05106cf5": {
      "displayName": "data/amplifyData/Lesson/MutationcreateLessonauth0Function/Templateresolvers--Mutation.createLesson.auth.1.req.vtl",
      "source": {
        "path": "asset.bb92395d1f650f06ba1ebd5faa3939b5e7be7e9c1f33907332ec9c9d05106cf5.vtl",
        "packaging": "file"
      },
      "destinations": {
        "current_account-current_region": {
          "bucketName": "cdk-hnb659fds-assets-${AWS::AccountId}-${AWS::Region}",
          "objectKey": "bb92395d1f650f06ba1ebd5faa3939b5e7be7e9c1f33907332ec9c9d05106cf5.vtl",
          "assumeRoleArn": "arn:${AWS::Partition}:iam::${AWS::AccountId}:role/cdk-hnb659fds-file-publishing-role-${AWS::AccountId}-${AWS::Region}"
        }
      }
    },
    "2fd25a92273a6fb64aa31d1951349953e648f9ff2de9043e5ae07dccd456fa91": {
      "displayName": "data/amplifyData/Lesson/MutationCreateLessonDataResolverFn/Templateresolvers--Mutation.createLesson.req.vtl",
      "source": {
        "path": "asset.2fd25a92273a6fb64aa31d1951349953e648f9ff2de9043e5ae07dccd456fa91.vtl",
        "packaging": "file"
      },
      "destinations": {
        "current_account-current_region": {
          "bucketName": "cdk-hnb659fds-assets-${AWS::AccountId}-${AWS::Region}",
          "objectKey": "2fd25a92273a6fb64aa31d1951349953e648f9ff2de9043e5ae07dccd456fa91.vtl",
          "assumeRoleArn": "arn:${AWS::Partition}:iam::${AWS::AccountId}:role/cdk-hnb659fds-file-publishing-role-${AWS::AccountId}-${AWS::Region}"
        }
      }
    },
    "d59e90778fdd059920cad892cfe7c4df4683441b7b9617b381c5f28df2273f35": {
      "displayName": "data/amplifyData/Lesson/MutationupdateLessonauth0Function/Templateresolvers--Mutation.updateLesson.auth.1.res.vtl",
      "source": {
        "path": "asset.d59e90778fdd059920cad892cfe7c4df4683441b7b9617b381c5f28df2273f35.vtl",
        "packaging": "file"
      },
      "destinations": {
        "current_account-current_region": {
          "bucketName": "cdk-hnb659fds-assets-${AWS::AccountId}-${AWS::Region}",
          "objectKey": "d59e90778fdd059920cad892cfe7c4df4683441b7b9617b381c5f28df2273f35.vtl",
          "assumeRoleArn": "arn:${AWS::Partition}:iam::${AWS::AccountId}:role/cdk-hnb659fds-file-publishing-role-${AWS::AccountId}-${AWS::Region}"
        }
      }
    },
    "0b2dcfbf82728d425c35a8845d0c367b7fb93579256040453868c885d43f790b": {
      "displayName": "data/amplifyData/Enrollment/MutationcreateEnrollmentinit1Function/Templateresolvers--Mutation.createEnrollment.init.2.req.vtl",
      "source": {
        "path": "asset.0b2dcfbf82728d425c35a8845d0c367b7fb93579256040453868c885d43f790b.vtl",
        "packaging": "file"
      },
      "destinations": {
        "current_account-current_region": {
          "bucketName": "cdk-hnb659fds-assets-${AWS::AccountId}-${AWS::Region}",
          "objectKey": "0b2dcfbf82728d425c35a8845d0c367b7fb93579256040453868c885d43f790b.vtl",
          "assumeRoleArn": "arn:${AWS::Partition}:iam::${AWS::AccountId}:role/cdk-hnb659fds-file-publishing-role-${AWS::AccountId}-${AWS::Region}"
        }
      }
    },
    "be1b265eec46bb30661d633f601d5456fe2b987531018cec603451851b629773": {
      "displayName": "data/amplifyData/Enrollment/MutationcreateEnrollmentauth0Function/Templateresolvers--Mutation.createEnrollment.auth.1.req.vtl",
      "source": {
        "path": "asset.be1b265eec46bb30661d633f601d5456fe2b987531018cec603451851b629773.vtl",
        "packaging": "file"
      },
      "destinations": {
        "current_account-current_region": {
          "bucketName": "cdk-hnb659fds-assets-${AWS::AccountId}-${AWS::Region}",
          "objectKey": "be1b265eec46bb30661d633f601d5456fe2b987531018cec603451851b629773.vtl",
          "assumeRoleArn": "arn:${AWS::Partition}:iam::${AWS::AccountId}:role/cdk-hnb659fds-file-publishing-role-${AWS::AccountId}-${AWS::Region}"
        }
      }
    },
    "943e0433021d18b190c508408da6795990c0df2665a77d84e65cd47da78be512": {
      "displayName": "data/amplifyData/Enrollment/MutationCreateEnrollmentDataResolverFn/Templateresolvers--Mutation.createEnrollment.req.vtl",
      "source": {
        "path": "asset.943e0433021d18b190c508408da6795990c0df2665a77d84e65cd47da78be512.vtl",
        "packaging": "file"
      },
      "destinations": {
        "current_account-current_region": {
          "bucketName": "cdk-hnb659fds-assets-${AWS::AccountId}-${AWS::Region}",
          "objectKey": "943e0433021d18b190c508408da6795990c0df2665a77d84e65cd47da78be512.vtl",
          "assumeRoleArn": "arn:${AWS::Partition}:iam::${AWS::AccountId}:role/cdk-hnb659fds-file-publishing-role-${AWS::AccountId}-${AWS::Region}"
        }
      }
    },
    "2908cb8b2094a6be0a68edc9c755f3761d3447366a58798f49736370b2e55557": {
      "displayName": "data/amplifyData/Enrollment/MutationupdateEnrollmentauth0Function/Templateresolvers--Mutation.updateEnrollment.auth.1.res.vtl",
      "source": {
        "path": "asset.2908cb8b2094a6be0a68edc9c755f3761d3447366a58798f49736370b2e55557.vtl",
        "packaging": "file"
      },
      "destinations": {
        "current_account-current_region": {
          "bucketName": "cdk-hnb659fds-assets-${AWS::AccountId}-${AWS::Region}",
          "objectKey": "2908cb8b2094a6be0a68edc9c755f3761d3447366a58798f49736370b2e55557.vtl",
          "assumeRoleArn": "arn:${AWS::Partition}:iam::${AWS::AccountId}:role/cdk-hnb659fds-file-publishing-role-${AWS::AccountId}-${AWS::Region}"
        }
      }
    },
    "a85a7146c8588687c8fb9486064dddfe79069deb685bb8cba5f7674a6e360f30": {
      "displayName": "data/amplifyData/LessonProgress/MutationcreateLessonProgressinit1Function/Templateresolvers--Mutation.createLessonProgress.init.2.req.vtl",
      "source": {
        "path": "asset.a85a7146c8588687c8fb9486064dddfe79069deb685bb8cba5f7674a6e360f30.vtl",
        "packaging": "file"
      },
      "destinations": {
        "current_account-current_region": {
          "bucketName": "cdk-hnb659fds-assets-${AWS::AccountId}-${AWS::Region}",
          "objectKey": "a85a7146c8588687c8fb9486064dddfe79069deb685bb8cba5f7674a6e360f30.vtl",
          "assumeRoleArn": "arn:${AWS::Partition}:iam::${AWS::AccountId}:role/cdk-hnb659fds-file-publishing-role-${AWS::AccountId}-${AWS::Region}"
        }
      }
    },
    "b70d2f2731a55e6508b3abb1cf484d32e9c2d201f22566fe36d6e8c4140f145b": {
      "displayName": "data/amplifyData/LessonProgress/MutationcreateLessonProgressauth0Function/Templateresolvers--Mutation.createLessonProgress.auth.1.req.vtl",
      "source": {
        "path": "asset.b70d2f2731a55e6508b3abb1cf484d32e9c2d201f22566fe36d6e8c4140f145b.vtl",
        "packaging": "file"
      },
      "destinations": {
        "current_account-current_region": {
          "bucketName": "cdk-hnb659fds-assets-${AWS::AccountId}-${AWS::Region}",
          "objectKey": "b70d2f2731a55e6508b3abb1cf484d32e9c2d201f22566fe36d6e8c4140f145b.vtl",
          "assumeRoleArn": "arn:${AWS::Partition}:iam::${AWS::AccountId}:role/cdk-hnb659fds-file-publishing-role-${AWS::AccountId}-${AWS::Region}"
        }
      }
    },
    "65ac1f2d1168c72641721e6a938b3fe7ce01c6a4a8cb0a6dad9ce483c6874686": {
      "displayName": "data/amplifyData/LessonProgress/MutationCreateLessonProgressDataResolverFn/Templateresolvers--Mutation.createLessonProgress.req.vtl",
      "source": {
        "path": "asset.65ac1f2d1168c72641721e6a938b3fe7ce01c6a4a8cb0a6dad9ce483c6874686.vtl",
        "packaging": "file"
      },
      "destinations": {
        "current_account-current_region": {
          "bucketName": "cdk-hnb659fds-assets-${AWS::AccountId}-${AWS::Region}",
          "objectKey": "65ac1f2d1168c72641721e6a938b3fe7ce01c6a4a8cb0a6dad9ce483c6874686.vtl",
          "assumeRoleArn": "arn:${AWS::Partition}:iam::${AWS::AccountId}:role/cdk-hnb659fds-file-publishing-role-${AWS::AccountId}-${AWS::Region}"
        }
      }
    },
    "d751de9ac657b01d3d1a9ea5df405b900840d8e32568ec1db9c8728a933544fa": {
      "displayName": "data/amplifyData/LessonProgress/MutationupdateLessonProgressauth0Function/Templateresolvers--Mutation.updateLessonProgress.auth.1.res.vtl",
      "source": {
        "path": "asset.d751de9ac657b01d3d1a9ea5df405b900840d8e32568ec1db9c8728a933544fa.vtl",
        "packaging": "file"
      },
      "destinations": {
        "current_account-current_region": {
          "bucketName": "cdk-hnb659fds-assets-${AWS::AccountId}-${AWS::Region}",
          "objectKey": "d751de9ac657b01d3d1a9ea5df405b900840d8e32568ec1db9c8728a933544fa.vtl",
          "assumeRoleArn": "arn:${AWS::Partition}:iam::${AWS::AccountId}:role/cdk-hnb659fds-file-publishing-role-${AWS::AccountId}-${AWS::Region}"
        }
      }
    },
    "b56a406d4f12f06c081eb559be9deb1c47e3af8c465597c5612373e8f0b210c6": {
      "displayName": "data/amplifyData/SopFile/MutationcreateSopFileauth0Function/Templateresolvers--Mutation.createSopFile.auth.1.req.vtl",
      "source": {
        "path": "asset.b56a406d4f12f06c081eb559be9deb1c47e3af8c465597c5612373e8f0b210c6.vtl",
        "packaging": "file"
      },
      "destinations": {
        "current_account-current_region": {
          "bucketName": "cdk-hnb659fds-assets-${AWS::AccountId}-${AWS::Region}",
          "objectKey": "b56a406d4f12f06c081eb559be9deb1c47e3af8c465597c5612373e8f0b210c6.vtl",
          "assumeRoleArn": "arn:${AWS::Partition}:iam::${AWS::AccountId}:role/cdk-hnb659fds-file-publishing-role-${AWS::AccountId}-${AWS::Region}"
        }
      }
    },
    "bbed83838245264707fe43d636408f4750906a0dc69a4ae81ac4d4954f2ef4da": {
      "displayName": "data/amplifyData/SopFile/MutationCreateSopFileDataResolverFn/Templateresolvers--Mutation.createSopFile.req.vtl",
      "source": {
        "path": "asset.bbed83838245264707fe43d636408f4750906a0dc69a4ae81ac4d4954f2ef4da.vtl",
        "packaging": "file"
      },
      "destinations": {
        "current_account-current_region": {
          "bucketName": "cdk-hnb659fds-assets-${AWS::AccountId}-${AWS::Region}",
          "objectKey": "bbed83838245264707fe43d636408f4750906a0dc69a4ae81ac4d4954f2ef4da.vtl",
          "assumeRoleArn": "arn:${AWS::Partition}:iam::${AWS::AccountId}:role/cdk-hnb659fds-file-publishing-role-${AWS::AccountId}-${AWS::Region}"
        }
      }
    },
    "6b57a07f2ea888a6dfff823ff1f2ad7a4f903ab40f6e6bb3bbc9e3123bcf2dcb": {
      "displayName": "data/amplifyData/SopFile/MutationupdateSopFileauth0Function/Templateresolvers--Mutation.updateSopFile.auth.1.res.vtl",
      "source": {
        "path": "asset.6b57a07f2ea888a6dfff823ff1f2ad7a4f903ab40f6e6bb3bbc9e3123bcf2dcb.vtl",
        "packaging": "file"
      },
      "destinations": {
        "current_account-current_region": {
          "bucketName": "cdk-hnb659fds-assets-${AWS::AccountId}-${AWS::Region}",
          "objectKey": "6b57a07f2ea888a6dfff823ff1f2ad7a4f903ab40f6e6bb3bbc9e3123bcf2dcb.vtl",
          "assumeRoleArn": "arn:${AWS::Partition}:iam::${AWS::AccountId}:role/cdk-hnb659fds-file-publishing-role-${AWS::AccountId}-${AWS::Region}"
        }
      }
    },
    "041534e5fd916595f752318f161512d7c7f83b9f2cf32d0f0be381c12253ff68": {
      "displayName": "data/amplifyData/Todo/TodoOwnerDataResolverFn/Templateresolvers--Todo.owner.req.vtl",
      "source": {
        "path": "asset.041534e5fd916595f752318f161512d7c7f83b9f2cf32d0f0be381c12253ff68.vtl",
        "packaging": "file"
      },
      "destinations": {
        "current_account-current_region": {
          "bucketName": "cdk-hnb659fds-assets-${AWS::AccountId}-${AWS::Region}",
          "objectKey": "041534e5fd916595f752318f161512d7c7f83b9f2cf32d0f0be381c12253ff68.vtl",
          "assumeRoleArn": "arn:${AWS::Partition}:iam::${AWS::AccountId}:role/cdk-hnb659fds-file-publishing-role-${AWS::AccountId}-${AWS::Region}"
        }
      }
    },
    "064303962e481067b44300212516363b99aaee539b6bafaf756fdd83ff0b60f0": {
      "displayName": "data/amplifyData/Todo/TodoOwnerDataResolverFn/Templateresolvers--Todo.owner.res.vtl",
      "source": {
        "path": "asset.064303962e481067b44300212516363b99aaee539b6bafaf756fdd83ff0b60f0.vtl",
        "packaging": "file"
      },
      "destinations": {
        "current_account-current_region": {
          "bucketName": "cdk-hnb659fds-assets-${AWS::AccountId}-${AWS::Region}",
          "objectKey": "064303962e481067b44300212516363b99aaee539b6bafaf756fdd83ff0b60f0.vtl",
          "assumeRoleArn": "arn:${AWS::Partition}:iam::${AWS::AccountId}:role/cdk-hnb659fds-file-publishing-role-${AWS::AccountId}-${AWS::Region}"
        }
      }
    },
    "27e43d913c3d19d675e5c6de517f06621c591b1d22b71a7e24781984aab82682": {
      "displayName": "data/amplifyData/Waitlist/WaitlistOwnerDataResolverFn/Templateresolvers--Waitlist.owner.req.vtl",
      "source": {
        "path": "asset.27e43d913c3d19d675e5c6de517f06621c591b1d22b71a7e24781984aab82682.vtl",
        "packaging": "file"
      },
      "destinations": {
        "current_account-current_region": {
          "bucketName": "cdk-hnb659fds-assets-${AWS::AccountId}-${AWS::Region}",
          "objectKey": "27e43d913c3d19d675e5c6de517f06621c591b1d22b71a7e24781984aab82682.vtl",
          "assumeRoleArn": "arn:${AWS::Partition}:iam::${AWS::AccountId}:role/cdk-hnb659fds-file-publishing-role-${AWS::AccountId}-${AWS::Region}"
        }
      }
    },
    "f4e49b655b278e80172c8ada54f98e2c97d88a5411bad3c0df39f26d5455eb76": {
      "displayName": "data/amplifyData/Waitlist/WaitlistOwnerDataResolverFn/Templateresolvers--Waitlist.owner.res.vtl",
      "source": {
        "path": "asset.f4e49b655b278e80172c8ada54f98e2c97d88a5411bad3c0df39f26d5455eb76.vtl",
        "packaging": "file"
      },
      "destinations": {
        "current_account-current_region": {
          "bucketName": "cdk-hnb659fds-assets-${AWS::AccountId}-${AWS::Region}",
          "objectKey": "f4e49b655b278e80172c8ada54f98e2c97d88a5411bad3c0df39f26d5455eb76.vtl",
          "assumeRoleArn": "arn:${AWS::Partition}:iam::${AWS::AccountId}:role/cdk-hnb659fds-file-publishing-role-${AWS::AccountId}-${AWS::Region}"
        }
      }
    },
    "faa95a81ae7d7373f3e1f242268f904eb748d8d0fdd306e8a6fe515a1905a7d6": {
      "displayName": "amplify-swtaxserviceapp-sumec-sandbox-ead6c9514d/data/Custom::S3AutoDeleteObjectsCustomResourceProvider Code",
      "source": {
        "path": "asset.faa95a81ae7d7373f3e1f242268f904eb748d8d0fdd306e8a6fe515a1905a7d6",
        "packaging": "zip"
      },
      "destinations": {
        "current_account-current_region": {
          "bucketName": "cdk-hnb659fds-assets-${AWS::AccountId}-${AWS::Region}",
          "objectKey": "faa95a81ae7d7373f3e1f242268f904eb748d8d0fdd306e8a6fe515a1905a7d6.zip",
          "assumeRoleArn": "arn:${AWS::Partition}:iam::${AWS::AccountId}:role/cdk-hnb659fds-file-publishing-role-${AWS::AccountId}-${AWS::Region}"
        }
      }
    },
    "c49d356cac773d491c5f7ac148995a1181498a8e289429f8612a7f7e3814f535": {
      "displayName": "data/amplifyData/AmplifyCodegenAssets/AmplifyCodegenAssetsDeployment/AwsCliLayer/Code",
      "source": {
        "path": "asset.c49d356cac773d491c5f7ac148995a1181498a8e289429f8612a7f7e3814f535.zip",
        "packaging": "file"
      },
      "destinations": {
        "current_account-current_region": {
          "bucketName": "cdk-hnb659fds-assets-${AWS::AccountId}-${AWS::Region}",
          "objectKey": "c49d356cac773d491c5f7ac148995a1181498a8e289429f8612a7f7e3814f535.zip",
          "assumeRoleArn": "arn:${AWS::Partition}:iam::${AWS::AccountId}:role/cdk-hnb659fds-file-publishing-role-${AWS::AccountId}-${AWS::Region}"
        }
      }
    },
    "9a1fcb4a7ecba81ad70e9d3fb241f6794497da945dae5f25924e4dd002b65f2d": {
      "displayName": "data/Custom::CDKBucketDeployment8693BB64968944B69AAFB0CC9EB8756C1536MiB/Code",
      "source": {
        "path": "asset.9a1fcb4a7ecba81ad70e9d3fb241f6794497da945dae5f25924e4dd002b65f2d",
        "packaging": "zip"
      },
      "destinations": {
        "current_account-current_region": {
          "bucketName": "cdk-hnb659fds-assets-${AWS::AccountId}-${AWS::Region}",
          "objectKey": "9a1fcb4a7ecba81ad70e9d3fb241f6794497da945dae5f25924e4dd002b65f2d.zip",
          "assumeRoleArn": "arn:${AWS::Partition}:iam::${AWS::AccountId}:role/cdk-hnb659fds-file-publishing-role-${AWS::AccountId}-${AWS::Region}"
        }
      }
    },
    "04e5fb3c0a34e0d534c8b3887a2a5b2e15de764c1e1642d2e42d5322e46572d3": {
      "displayName": "data/amplifyData/AmplifyCodegenAssets/AmplifyCodegenAssetsDeployment/Asset1",
      "source": {
        "path": "asset.04e5fb3c0a34e0d534c8b3887a2a5b2e15de764c1e1642d2e42d5322e46572d3",
        "packaging": "zip"
      },
      "destinations": {
        "current_account-current_region": {
          "bucketName": "cdk-hnb659fds-assets-${AWS::AccountId}-${AWS::Region}",
          "objectKey": "04e5fb3c0a34e0d534c8b3887a2a5b2e15de764c1e1642d2e42d5322e46572d3.zip",
          "assumeRoleArn": "arn:${AWS::Partition}:iam::${AWS::AccountId}:role/cdk-hnb659fds-file-publishing-role-${AWS::AccountId}-${AWS::Region}"
        }
      }
    },
    "0493dc2dccff4bf270793079c9b90f42ebb8da9d40b4a3914059a97153cc133a": {
      "displayName": "data/modelIntrospectionSchemaBucketDeployment/Asset1",
      "source": {
        "path": "asset.0493dc2dccff4bf270793079c9b90f42ebb8da9d40b4a3914059a97153cc133a",
        "packaging": "zip"
      },
      "destinations": {
        "current_account-current_region": {
          "bucketName": "cdk-hnb659fds-assets-${AWS::AccountId}-${AWS::Region}",
          "objectKey": "0493dc2dccff4bf270793079c9b90f42ebb8da9d40b4a3914059a97153cc133a.zip",
          "assumeRoleArn": "arn:${AWS::Partition}:iam::${AWS::AccountId}:role/cdk-hnb659fds-file-publishing-role-${AWS::AccountId}-${AWS::Region}"
        }
      }
    },
    "0fede6272a813a6f82ee1b2f60605c0d68e3a8d0dbe4f367bcd4ff105d65b334": {
      "displayName": "data/amplifyData/GraphQLAPI/schema",
      "source": {
        "path": "asset.0fede6272a813a6f82ee1b2f60605c0d68e3a8d0dbe4f367bcd4ff105d65b334.graphql",
        "packaging": "file"
      },
      "destinations": {
        "current_account-current_region": {
          "bucketName": "cdk-hnb659fds-assets-${AWS::AccountId}-${AWS::Region}",
          "objectKey": "0fede6272a813a6f82ee1b2f60605c0d68e3a8d0dbe4f367bcd4ff105d65b334.graphql",
          "assumeRoleArn": "arn:${AWS::Partition}:iam::${AWS::AccountId}:role/cdk-hnb659fds-file-publishing-role-${AWS::AccountId}-${AWS::Region}"
        }
      }
    },
    "bb09d3cc9f70204f61d40744c8d718a9fc5899da997de5928e05ae6b086b606b": {
      "displayName": "auth Nested Stack Template",
      "source": {
        "path": "amplifyswtaxserviceappsumecsandboxead6c9514dauth3B17532C.nested.template.json",
        "packaging": "file"
      },
      "destinations": {
        "current_account-current_region": {
          "bucketName": "cdk-hnb659fds-assets-${AWS::AccountId}-${AWS::Region}",
          "objectKey": "bb09d3cc9f70204f61d40744c8d718a9fc5899da997de5928e05ae6b086b606b.json",
          "assumeRoleArn": "arn:${AWS::Partition}:iam::${AWS::AccountId}:role/cdk-hnb659fds-file-publishing-role-${AWS::AccountId}-${AWS::Region}"
        }
      }
    },
    "8b4ff7ca3f92758fe1d23c483843699fdb6b90cd126e673c59c5e492fd672441": {
      "displayName": "function Nested Stack Template",
      "source": {
        "path": "amplifyswtaxserviceappsumecsandboxead6c9514dfunction36DAB8F7.nested.template.json",
        "packaging": "file"
      },
      "destinations": {
        "current_account-current_region": {
          "bucketName": "cdk-hnb659fds-assets-${AWS::AccountId}-${AWS::Region}",
          "objectKey": "8b4ff7ca3f92758fe1d23c483843699fdb6b90cd126e673c59c5e492fd672441.json",
          "assumeRoleArn": "arn:${AWS::Partition}:iam::${AWS::AccountId}:role/cdk-hnb659fds-file-publishing-role-${AWS::AccountId}-${AWS::Region}"
        }
      }
    },
    "f2aca0e0222dad086e4e532516bd0a132cb6795810e725b83cec95e25c0330bc": {
      "displayName": "data/amplifyData/AmplifyTableManager Nested Stack Template",
      "source": {
        "path": "amplifyswtaxserviceappsumecsandboxead6c9514ddataamplifyDataAmplifyTableManagerED385206.nested.template.json",
        "packaging": "file"
      },
      "destinations": {
        "current_account-current_region": {
          "bucketName": "cdk-hnb659fds-assets-${AWS::AccountId}-${AWS::Region}",
          "objectKey": "f2aca0e0222dad086e4e532516bd0a132cb6795810e725b83cec95e25c0330bc.json",
          "assumeRoleArn": "arn:${AWS::Partition}:iam::${AWS::AccountId}:role/cdk-hnb659fds-file-publishing-role-${AWS::AccountId}-${AWS::Region}"
        }
      }
    },
    "d9969f92547250f85df53a7e8e62772bc4f1e0c11b199fa601ebf68365614ccc": {
      "displayName": "data/amplifyData/Todo Nested Stack Template",
      "source": {
        "path": "amplifyswtaxserviceappsumecsandboxead6c9514ddataamplifyDataTodo69FB15C5.nested.template.json",
        "packaging": "file"
      },
      "destinations": {
        "current_account-current_region": {
          "bucketName": "cdk-hnb659fds-assets-${AWS::AccountId}-${AWS::Region}",
          "objectKey": "d9969f92547250f85df53a7e8e62772bc4f1e0c11b199fa601ebf68365614ccc.json",
          "assumeRoleArn": "arn:${AWS::Partition}:iam::${AWS::AccountId}:role/cdk-hnb659fds-file-publishing-role-${AWS::AccountId}-${AWS::Region}"
        }
      }
    },
    "2be415c858e151ff201eb2171928c0181769eab28005f78ef2f6da7065d7442c": {
      "displayName": "data/amplifyData/Waitlist Nested Stack Template",
      "source": {
        "path": "amplifyswtaxserviceappsumecsandboxead6c9514ddataamplifyDataWaitlistADEBA310.nested.template.json",
        "packaging": "file"
      },
      "destinations": {
        "current_account-current_region": {
          "bucketName": "cdk-hnb659fds-assets-${AWS::AccountId}-${AWS::Region}",
          "objectKey": "2be415c858e151ff201eb2171928c0181769eab28005f78ef2f6da7065d7442c.json",
          "assumeRoleArn": "arn:${AWS::Partition}:iam::${AWS::AccountId}:role/cdk-hnb659fds-file-publishing-role-${AWS::AccountId}-${AWS::Region}"
        }
      }
    },
    "7184ee1a9138e5ec25e95d3537820ace72d67c14bf39af07d12747b5f79ed0e2": {
      "displayName": "data/amplifyData/Firm Nested Stack Template",
      "source": {
        "path": "amplifyswtaxserviceappsumecsandboxead6c9514ddataamplifyDataFirmACA22DA2.nested.template.json",
        "packaging": "file"
      },
      "destinations": {
        "current_account-current_region": {
          "bucketName": "cdk-hnb659fds-assets-${AWS::AccountId}-${AWS::Region}",
          "objectKey": "7184ee1a9138e5ec25e95d3537820ace72d67c14bf39af07d12747b5f79ed0e2.json",
          "assumeRoleArn": "arn:${AWS::Partition}:iam::${AWS::AccountId}:role/cdk-hnb659fds-file-publishing-role-${AWS::AccountId}-${AWS::Region}"
        }
      }
    },
    "1ec88ceb8ca53482d3dfc3f546fc9614dba95e702eaba40a02658c45cea4cc52": {
      "displayName": "data/amplifyData/Course Nested Stack Template",
      "source": {
        "path": "amplifyswtaxserviceappsumecsandboxead6c9514ddataamplifyDataCourse917B65C6.nested.template.json",
        "packaging": "file"
      },
      "destinations": {
        "current_account-current_region": {
          "bucketName": "cdk-hnb659fds-assets-${AWS::AccountId}-${AWS::Region}",
          "objectKey": "1ec88ceb8ca53482d3dfc3f546fc9614dba95e702eaba40a02658c45cea4cc52.json",
          "assumeRoleArn": "arn:${AWS::Partition}:iam::${AWS::AccountId}:role/cdk-hnb659fds-file-publishing-role-${AWS::AccountId}-${AWS::Region}"
        }
      }
    },
    "ffe893b6f3b9af746f99665c216441ff22e98537d2c7625ab50d4642e1911c8e": {
      "displayName": "data/amplifyData/Module Nested Stack Template",
      "source": {
        "path": "amplifyswtaxserviceappsumecsandboxead6c9514ddataamplifyDataModule4123562A.nested.template.json",
        "packaging": "file"
      },
      "destinations": {
        "current_account-current_region": {
          "bucketName": "cdk-hnb659fds-assets-${AWS::AccountId}-${AWS::Region}",
          "objectKey": "ffe893b6f3b9af746f99665c216441ff22e98537d2c7625ab50d4642e1911c8e.json",
          "assumeRoleArn": "arn:${AWS::Partition}:iam::${AWS::AccountId}:role/cdk-hnb659fds-file-publishing-role-${AWS::AccountId}-${AWS::Region}"
        }
      }
    },
    "25b280fb3acd819974d92b70404f29e4677f95d145d451f77d3d9f58d0c1b76f": {
      "displayName": "data/amplifyData/Lesson Nested Stack Template",
      "source": {
        "path": "amplifyswtaxserviceappsumecsandboxead6c9514ddataamplifyDataLessonC2C3F45A.nested.template.json",
        "packaging": "file"
      },
      "destinations": {
        "current_account-current_region": {
          "bucketName": "cdk-hnb659fds-assets-${AWS::AccountId}-${AWS::Region}",
          "objectKey": "25b280fb3acd819974d92b70404f29e4677f95d145d451f77d3d9f58d0c1b76f.json",
          "assumeRoleArn": "arn:${AWS::Partition}:iam::${AWS::AccountId}:role/cdk-hnb659fds-file-publishing-role-${AWS::AccountId}-${AWS::Region}"
        }
      }
    },
    "a0bbff73eee4bfd0c96b5e8aca0c826778e185df42d33610eb701fcf16deee98": {
      "displayName": "data/amplifyData/Enrollment Nested Stack Template",
      "source": {
        "path": "amplifyswtaxserviceappsumecsandboxead6c9514ddataamplifyDataEnrollmentEA69A1AE.nested.template.json",
        "packaging": "file"
      },
      "destinations": {
        "current_account-current_region": {
          "bucketName": "cdk-hnb659fds-assets-${AWS::AccountId}-${AWS::Region}",
          "objectKey": "a0bbff73eee4bfd0c96b5e8aca0c826778e185df42d33610eb701fcf16deee98.json",
          "assumeRoleArn": "arn:${AWS::Partition}:iam::${AWS::AccountId}:role/cdk-hnb659fds-file-publishing-role-${AWS::AccountId}-${AWS::Region}"
        }
      }
    },
    "6f28377561d8364d8fc837f12a48907b67a462db188783bd79dbf4cc60f6bdf5": {
      "displayName": "data/amplifyData/LessonProgress Nested Stack Template",
      "source": {
        "path": "amplifyswtaxserviceappsumecsandboxead6c9514ddataamplifyDataLessonProgressCD44D673.nested.template.json",
        "packaging": "file"
      },
      "destinations": {
        "current_account-current_region": {
          "bucketName": "cdk-hnb659fds-assets-${AWS::AccountId}-${AWS::Region}",
          "objectKey": "6f28377561d8364d8fc837f12a48907b67a462db188783bd79dbf4cc60f6bdf5.json",
          "assumeRoleArn": "arn:${AWS::Partition}:iam::${AWS::AccountId}:role/cdk-hnb659fds-file-publishing-role-${AWS::AccountId}-${AWS::Region}"
        }
      }
    },
    "b809a4f6567afdc6e831c6dab307376264c31ed59d5b86c0bae2c92c5b4e7f61": {
      "displayName": "data/amplifyData/SopFile Nested Stack Template",
      "source": {
        "path": "amplifyswtaxserviceappsumecsandboxead6c9514ddataamplifyDataSopFile638771A1.nested.template.json",
        "packaging": "file"
      },
      "destinations": {
        "current_account-current_region": {
          "bucketName": "cdk-hnb659fds-assets-${AWS::AccountId}-${AWS::Region}",
          "objectKey": "b809a4f6567afdc6e831c6dab307376264c31ed59d5b86c0bae2c92c5b4e7f61.json",
          "assumeRoleArn": "arn:${AWS::Partition}:iam::${AWS::AccountId}:role/cdk-hnb659fds-file-publishing-role-${AWS::AccountId}-${AWS::Region}"
        }
      }
    },
    "da8b80376fa41e146ec595a3aba073d8607812046a8b36e98813d11b414a7059": {
      "displayName": "data Nested Stack Template",
      "source": {
        "path": "amplifyswtaxserviceappsumecsandboxead6c9514ddataFEE338AB.nested.template.json",
        "packaging": "file"
      },
      "destinations": {
        "current_account-current_region": {
          "bucketName": "cdk-hnb659fds-assets-${AWS::AccountId}-${AWS::Region}",
          "objectKey": "da8b80376fa41e146ec595a3aba073d8607812046a8b36e98813d11b414a7059.json",
          "assumeRoleArn": "arn:${AWS::Partition}:iam::${AWS::AccountId}:role/cdk-hnb659fds-file-publishing-role-${AWS::AccountId}-${AWS::Region}"
        }
      }
    },
    "60fe5569b669bb0441897e0bfb65ce6212c20a4274e9289f36b76490f38e7f43": {
      "displayName": "storage Nested Stack Template",
      "source": {
        "path": "amplifyswtaxserviceappsumecsandboxead6c9514dstorageAE5257BA.nested.template.json",
        "packaging": "file"
      },
      "destinations": {
        "current_account-current_region": {
          "bucketName": "cdk-hnb659fds-assets-${AWS::AccountId}-${AWS::Region}",
          "objectKey": "60fe5569b669bb0441897e0bfb65ce6212c20a4274e9289f36b76490f38e7f43.json",
          "assumeRoleArn": "arn:${AWS::Partition}:iam::${AWS::AccountId}:role/cdk-hnb659fds-file-publishing-role-${AWS::AccountId}-${AWS::Region}"
        }
      }
    },
    "ca240b2eb9332b8fc86ea81619dd93789f7aeacfbdcdcc2c634220413cb33cf2": {
      "displayName": "amplify-swtaxserviceapp-sumec-sandbox-ead6c9514d Template",
      "source": {
        "path": "amplify-swtaxserviceapp-sumec-sandbox-ead6c9514d.template.json",
        "packaging": "file"
      },
      "destinations": {
        "current_account-current_region": {
          "bucketName": "cdk-hnb659fds-assets-${AWS::AccountId}-${AWS::Region}",
          "objectKey": "ca240b2eb9332b8fc86ea81619dd93789f7aeacfbdcdcc2c634220413cb33cf2.json",
          "assumeRoleArn": "arn:${AWS::Partition}:iam::${AWS::AccountId}:role/cdk-hnb659fds-file-publishing-role-${AWS::AccountId}-${AWS::Region}"
        }
      }
    }
  },
  "dockerImages": {}
}